timestamp,gold_aud_corr,gold_jpy_corr,gold_cad_corr
2022-03-28 00:00:00+00:00,0.17416333691194621,-0.2168238821781784,-0.058551178229317276
2022-03-29 00:00:00+00:00,0.1686747689352012,-0.2177574492895578,-0.05008365259375087
2022-03-30 00:00:00+00:00,0.18538578218060936,-0.19672181893880902,-0.0665367401485399
2022-03-31 00:00:00+00:00,0.18775965187077776,-0.1928697787281329,-0.0713560921737423
2022-04-01 00:00:00+00:00,0.18861570726666738,-0.19473709647437137,-0.07263184275949443
2022-04-04 00:00:00+00:00,0.1863346554496369,-0.18254294380436134,-0.042600413812049695
2022-04-05 00:00:00+00:00,0.18646814239194132,-0.1817615964431962,-0.04366522094574764
2022-04-06 00:00:00+00:00,0.18888395271993072,-0.18305428106076382,-0.05284475961923739
2022-04-07 00:00:00+00:00,0.20028578657573204,-0.1993263856402871,-0.06366811259100125
2022-04-08 00:00:00+00:00,0.2002876213674354,-0.20533142941093588,-0.06342274407900723
2022-04-11 00:00:00+00:00,0.19388448516811557,-0.2074517589415763,-0.05934133609582648
2022-04-12 00:00:00+00:00,0.20049816699762427,-0.21785254731900233,-0.04797184086652833
2022-04-13 00:00:00+00:00,0.19986548488343917,-0.21718481867532302,-0.04917304103344325
2022-04-14 00:00:00+00:00,0.20426677349842354,-0.22212243207757956,-0.04749199097010913
2022-04-15 00:00:00+00:00,0.2042700226522323,-0.2257608637896379,-0.047983683562887534
2022-04-18 00:00:00+00:00,0.2137240675256799,-0.21130818079581032,-0.06142560643070205
2022-04-19 00:00:00+00:00,0.19447964393553702,-0.21128149574421368,-0.024475879379826905
2022-04-20 00:00:00+00:00,0.19688909524392073,-0.22533027094880578,-0.0289826872822358
2022-04-21 00:00:00+00:00,0.19285204450373897,-0.21225716289857158,-0.022785322585301058
2022-04-22 00:00:00+00:00,0.19780585857100824,-0.21168794175710393,-0.01937130865477123
2022-04-25 00:00:00+00:00,0.20966901630073603,-0.19986224829385246,-0.023816566448337465
2022-04-26 00:00:00+00:00,0.2104803550657378,-0.19197237914922025,-0.021947766875850955
2022-04-27 00:00:00+00:00,0.21855026472561573,-0.19906435786288385,-0.023317228955660005
2022-04-28 00:00:00+00:00,0.21958270151514986,-0.1999251185012248,-0.023255179510487913
2022-04-29 00:00:00+00:00,0.22084998621134086,-0.19997774593618162,-0.023510879383044466
2022-05-02 00:00:00+00:00,0.2586565300876699,-0.19612921023928676,-0.0504870326121313
2022-05-03 00:00:00+00:00,0.25310930286403815,-0.19575261542606373,-0.041139338274939
2022-05-04 00:00:00+00:00,0.255776730818069,-0.19063629399764462,-0.035146555716202975
2022-05-05 00:00:00+00:00,0.2416785701148026,-0.19294805141331686,-0.017281218156878855
2022-05-06 00:00:00+00:00,0.2422130390585795,-0.1934880815500965,-0.017004712615003786
2022-05-09 00:00:00+00:00,0.23737491519879306,-0.18621351056490157,-0.02023781554869457
2022-05-10 00:00:00+00:00,0.2431072389777015,-0.1846258483759785,-0.022140821407934646
2022-05-11 00:00:00+00:00,0.24002322319044067,-0.17736154490363673,-0.023351978918711335
2022-05-12 00:00:00+00:00,0.24328622064158698,-0.17587614952435282,-0.02385025267491369
2022-05-13 00:00:00+00:00,0.24358782420089034,-0.1782907664978609,-0.02413470114376745
2022-05-16 00:00:00+00:00,0.24506268106034404,-0.17915330585238465,-0.027088581364433033
2022-05-17 00:00:00+00:00,0.24333063197665125,-0.1710449184617174,-0.02775792455580106
2022-05-18 00:00:00+00:00,0.24257046874734833,-0.17391143351474853,-0.023843288654370916
2022-05-19 00:00:00+00:00,0.24151705798996784,-0.18531472835394341,-0.03224833425223328
2022-05-20 00:00:00+00:00,0.2526356978880018,-0.18942176402322022,-0.034683140219637254
2022-05-23 00:00:00+00:00,0.23399326327247655,-0.19259511398043588,0.03282407748339267
2022-05-24 00:00:00+00:00,0.2748456106679446,-0.21527753768707208,0.0004267292669049999
2022-05-25 00:00:00+00:00,0.276525473422306,-0.2096449358650399,-0.01378753613980929
2022-05-26 00:00:00+00:00,0.25835192058122813,-0.2666338366005686,0.05946049731512235
2022-05-27 00:00:00+00:00,0.25994616005332744,-0.2666563311989297,0.05861345861301443
2022-05-30 00:00:00+00:00,0.17001048959987813,-0.1733105806107483,-0.05531543172837927
2022-05-31 00:00:00+00:00,0.06714773540138798,-0.1453644899747532,0.11702371954663114
2022-06-01 00:00:00+00:00,0.0792134448350897,-0.15516220333848915,0.11268643387440312
2022-06-02 00:00:00+00:00,0.09173287381183555,-0.1481277485241865,0.10154490600715453
2022-06-03 00:00:00+00:00,0.09007224868852562,-0.1499933392931427,0.10943346899672797
2022-06-06 00:00:00+00:00,-0.113964777397586,0.11225904419016267,0.0629689819224816
2022-06-07 00:00:00+00:00,-0.07536450242633048,0.09088745834850216,0.008653101052868957
2022-06-08 00:00:00+00:00,-0.06278065573577503,0.09238151265169534,0.07019190447210837
2022-06-09 00:00:00+00:00,0.051886559895672396,0.1282259258603012,-0.07308035952367507
2022-06-10 00:00:00+00:00,0.06963790022006801,0.13186373080491534,-0.09542012660154675
2022-06-13 00:00:00+00:00,0.07215139250784104,0.13056189768079918,-0.10323237981767987
2022-06-14 00:00:00+00:00,0.10865224520211939,0.10002418874716505,-0.03252605313613219
2022-06-15 00:00:00+00:00,0.01696267175446131,0.009716638071276826,-0.017429371591434966
2022-06-16 00:00:00+00:00,0.014262579354014291,0.014262579354012844,-0.014262579354012952
2022-10-31 00:00:00+00:00,-0.05011514535162628,0.05011514535162628,0.05011514535162629
2022-11-01 00:00:00+00:00,-0.052228293087554424,0.04882912557541524,0.051258408961028276
2022-11-02 00:00:00+00:00,-0.05228040331212156,0.04999258813622139,0.051531168874332525
2022-11-03 00:00:00+00:00,-0.0682517448625942,0.040100314819600844,0.07617403257053607
2022-11-04 00:00:00+00:00,-0.06897979509011738,0.0403382835281943,0.07651162533508601
2022-11-07 00:00:00+00:00,-0.019933294138523027,0.020128473605666063,0.0197656266908706
2022-11-08 00:00:00+00:00,-0.020536426039796007,0.019608940598882952,0.019632263137150247
2022-11-09 00:00:00+00:00,-0.001659743264028881,-0.0023642949720267398,-0.009276433423971386
2022-11-10 00:00:00+00:00,-0.006880706771619586,-0.0020108970722370304,-0.00215593171845791
2022-11-11 00:00:00+00:00,-0.007347182597865568,-0.0014950544035998972,-0.0015853473335576513
2022-11-14 00:00:00+00:00,-0.0029101051594033834,-0.005161638698771837,-0.004845554776889907
2022-11-15 00:00:00+00:00,-0.0032801735117843744,-0.005153767482256906,-0.006209685738526159
2022-11-16 00:00:00+00:00,-0.011376130461161907,-6.092754396414715e-05,-0.00081380361909604
2022-11-17 00:00:00+00:00,-0.008808299906065093,-0.0017212273040437675,-0.005122358728336655
2022-11-18 00:00:00+00:00,-0.008698646396638391,-0.0018004491515486302,-0.005096228855573777
2022-11-21 00:00:00+00:00,-0.007966908333820159,-0.0016415101515840976,-0.008843621289326713
2022-11-22 00:00:00+00:00,-0.01056108936968589,0.00018171414527521149,-0.00742689037511251
2022-11-23 00:00:00+00:00,-0.007445675793614313,-0.0027591713317736233,-0.011727207144605557
2022-11-24 00:00:00+00:00,-0.010767663312156797,0.00012109085222718312,-0.009894324570132477
2022-11-25 00:00:00+00:00,-0.010877036293245781,0.00024469696994439447,-0.00986228529712134
2022-11-28 00:00:00+00:00,-0.00870913616016381,-0.0008765871370110784,-0.012493552168811695
2022-11-29 00:00:00+00:00,-0.015557895940421278,-0.0025789063373630326,-0.004609772894455217
2022-11-30 00:00:00+00:00,-0.0049243884455532185,-0.00573887555204876,0.00796924332774291
2022-12-01 00:00:00+00:00,-0.01077777399812649,-0.0025868296669996405,0.015353453588640856
2022-12-02 00:00:00+00:00,-0.010879691632982582,-0.0018466804440060377,0.015170975591734132
2022-12-05 00:00:00+00:00,-0.011756131920504757,0.0031065298776803956,0.014748058818831924
2022-12-06 00:00:00+00:00,-0.019169389629696377,0.008611833834812519,0.0230491782700344
2022-12-07 00:00:00+00:00,-0.017117095734134592,0.006326817581108471,0.020058553985330435
2022-12-08 00:00:00+00:00,-0.01628284955718074,0.005867702526215673,0.020457265031283128
2022-12-09 00:00:00+00:00,-0.016942710870594187,0.005750475155925829,0.021021235543383674
2022-12-12 00:00:00+00:00,-0.015083999434156156,0.004317551339283714,0.02172899077904563
2022-12-13 00:00:00+00:00,-0.01492517431605647,0.004173546155768883,0.023882948509235762
2022-12-14 00:00:00+00:00,-0.033671029734220335,0.019731810721531323,0.038569092335292425
2022-12-15 00:00:00+00:00,-0.03040194432420404,0.016416509958721806,0.03432544390480042
2022-12-16 00:00:00+00:00,-0.027661232822234812,0.014889677631465256,0.032716369280839194
2022-12-19 00:00:00+00:00,-0.027235404670528755,0.0068666410267961345,0.031641426372785005
2022-12-20 00:00:00+00:00,-0.031197782216176344,0.009124231290340954,0.03781501590292944
2022-12-21 00:00:00+00:00,-0.029453769322093083,0.03785840468148884,0.04518620230674265
2022-12-22 00:00:00+00:00,-0.028441906108511467,0.03794019223803391,0.0448292201947434
2022-12-23 00:00:00+00:00,-0.027836536092985264,0.03794749921363403,0.04452190439354838
2022-12-26 00:00:00+00:00,-0.032270190224281986,0.04721048628446115,0.05256694159188606
2022-12-27 00:00:00+00:00,-0.03466541964957929,0.04725848486787687,0.054578064669060664
2022-12-28 00:00:00+00:00,-0.03445495836954733,0.04797319037543603,0.05120746210733438
2022-12-29 00:00:00+00:00,-0.03199117547842504,0.047697756962602325,0.051584835013152336
2022-12-30 00:00:00+00:00,-0.03228026326947209,0.04830169804721264,0.052155215351168155
2023-01-02 00:00:00+00:00,-0.024614598810619826,0.03970838353513724,0.046462181466257635
2023-01-03 00:00:00+00:00,-0.02547511609716781,0.03904989606315271,0.04766022723296153
2023-01-04 00:00:00+00:00,-0.012949775172693485,0.03629024062356139,0.03186984558403198
2023-01-05 00:00:00+00:00,0.01170164239775728,0.04073915111698768,-0.007125648102525438
2023-01-06 00:00:00+00:00,0.01362723561465503,0.03965246016304185,-0.008818090482785371
2023-01-09 00:00:00+00:00,0.019872865414789342,0.03697932513655645,-0.013744934444543595
2023-01-10 00:00:00+00:00,0.02115147692987554,0.036707630585990796,-0.015184926734118274
2023-01-11 00:00:00+00:00,0.02061592202730328,0.03682813967237815,-0.013503570602141093
2023-01-12 00:00:00+00:00,0.022298730101129868,0.03698438138280514,-0.01297748421312623
2023-01-13 00:00:00+00:00,0.02050434532913556,0.040082674416690264,-0.011499237352470501
2023-01-16 00:00:00+00:00,0.01954083231736057,0.04488388771300299,-0.012750289836520332
2023-01-17 00:00:00+00:00,0.01912124516382179,0.044931720681921423,-0.011163090582638018
2023-01-18 00:00:00+00:00,0.023408121945644803,0.042975623665899174,-0.014714804502925892
2023-01-19 00:00:00+00:00,0.027648806759663552,0.04230957666115171,-0.02308466692254853
2023-01-20 00:00:00+00:00,0.02863446336150531,0.04253089145120476,-0.022149418831834612
2023-01-23 00:00:00+00:00,0.055853852078061546,0.15096133717062374,-0.04041499764470775
2023-01-24 00:00:00+00:00,0.05773875537380052,0.17219149087294292,-0.03916604564145368
2023-01-25 00:00:00+00:00,0.050649026241033554,0.1680436644289494,-0.03947385020315344
2023-01-26 00:00:00+00:00,0.1188918996340724,0.1754598229677422,-0.1199048036011633
2023-01-27 00:00:00+00:00,0.11564625456930543,0.17482692354500787,-0.11405612744800091
2023-01-30 00:00:00+00:00,0.03961875614992993,0.21011486732836418,-0.021232579986274914
2023-01-31 00:00:00+00:00,0.02567839513648194,0.22139946537199434,-0.001622794801560821
2023-02-01 00:00:00+00:00,0.01340527620937465,0.2770312484124003,0.1052655860960209
2023-02-02 00:00:00+00:00,-0.032792537305054006,0.2928467196554434,0.09553121731015696
2023-02-03 00:00:00+00:00,-0.026887438213122936,0.31021273125915094,0.0953277788193992
2023-02-06 00:00:00+00:00,-0.047646935930066234,0.3176886543918858,0.10827053248024227
2023-02-07 00:00:00+00:00,-0.05010491053772543,0.3226243814470097,0.11746484418683291
2023-02-08 00:00:00+00:00,-0.049140630665844,0.3268924622351593,0.1172078704373127
2023-02-09 00:00:00+00:00,-0.0579648904329186,0.33385041236783203,0.13123009270125224
2023-02-10 00:00:00+00:00,-0.06064678596190584,0.33765941520940684,0.1307126402852303
2023-02-13 00:00:00+00:00,-0.056382887485475104,0.33581723207722686,0.1602531265400729
2023-02-14 00:00:00+00:00,-0.06256345460150958,0.30728650482964154,0.15785815851219273
2023-02-15 00:00:00+00:00,-0.06650735147881537,0.3099148637650416,0.16667087373782263
2023-02-16 00:00:00+00:00,-0.06719778720324089,0.3112308125228045,0.1684143726204006
2023-02-17 00:00:00+00:00,-0.06493577641280611,0.31057068493922263,0.16406511902156906
2023-02-20 00:00:00+00:00,-0.07222478658353483,0.3106997519457271,0.17094304376415898
2023-02-21 00:00:00+00:00,-0.058167822275168715,0.31690807272666915,0.15526781649295016
2023-02-22 00:00:00+00:00,-0.0772350246524927,0.3253878196099598,0.10029890781140043
2023-02-23 00:00:00+00:00,-0.05363123609535086,0.32037237713451033,0.08631840412335717
2023-02-24 00:00:00+00:00,-0.05356543832385111,0.3280698555906932,0.08653791350587184
2023-02-27 00:00:00+00:00,-0.07566416488192196,0.3370270851543863,0.10471192121899717
2023-02-28 00:00:00+00:00,-0.04404347075729292,0.31657261524796554,0.06545090959986553
2023-03-01 00:00:00+00:00,-0.04314048823353767,0.31616782712264524,0.060516578480001595
2023-03-02 00:00:00+00:00,-0.03598128819749692,0.3140236049490339,0.04010724248313152
2023-03-03 00:00:00+00:00,-0.034538713264160616,0.31338650787595607,0.039241997053205184
2023-03-06 00:00:00+00:00,-0.05091753172112257,0.3245993597103163,0.017129863156903204
2023-03-07 00:00:00+00:00,-0.05305270072673375,0.3284364787602428,0.015680530075230823
2023-03-08 00:00:00+00:00,-0.04246034274901009,0.3061104205489588,0.011307932972985098
2023-03-09 00:00:00+00:00,-0.042089003877199514,0.2934746827007947,0.042083327794382897
2023-03-10 00:00:00+00:00,-0.04878398615662831,0.30650017521267503,0.04488653957630153
2023-03-13 00:00:00+00:00,-0.0074356859391298685,0.2772583646348591,-0.00921323446366368
2023-03-14 00:00:00+00:00,0.0012910459934353117,0.25182693696891967,-0.019714135576888562
2023-03-15 00:00:00+00:00,-0.00900386207189401,0.17283918444088678,-0.03816977764386138
2023-03-16 00:00:00+00:00,-0.08950283343340779,0.0619519577341306,0.037740224770008435
2023-03-17 00:00:00+00:00,-0.09408454347451424,0.06052528861545875,0.040964703351867034
2023-03-20 00:00:00+00:00,-0.13651254723695377,0.09702379636599445,0.056204468970896
2023-03-21 00:00:00+00:00,-0.12718381702492088,0.07566949950415226,0.034322292335280724
2023-03-22 00:00:00+00:00,-0.13610945389165227,0.0858582310424119,0.047694284169675576
2023-03-23 00:00:00+00:00,-0.14305927871192528,0.09743609806554862,0.04037816630995918
2023-03-24 00:00:00+00:00,-0.14153313409506724,0.09651730451847698,0.0388004826368711
2023-03-27 00:00:00+00:00,-0.156916073853301,0.12499975166888423,0.044705273831929765
2023-03-28 00:00:00+00:00,-0.15427452898982144,0.1258184580783635,0.04000373815085384
2023-03-29 00:00:00+00:00,-0.1893015708474587,0.13710532363060302,0.0830412457040082
2023-03-30 00:00:00+00:00,-0.25859277270238007,0.1113697720822371,0.1977858962605495
2023-03-31 00:00:00+00:00,-0.2654422080533345,0.11430173265935364,0.2033731976128795
2023-04-03 00:00:00+00:00,-0.294136426365424,0.12333822947499429,0.22223761945871875
2023-04-04 00:00:00+00:00,-0.2935303614143582,0.12297578702995249,0.22139797174876152
2023-04-05 00:00:00+00:00,-0.2917404510171036,0.11687057353472892,0.21290626336241475
2023-04-06 00:00:00+00:00,-0.30299339570033207,0.12164071504633872,0.21821054808535253
2023-04-07 00:00:00+00:00,-0.30589732366256916,0.12739668295569798,0.21966277780483118
2023-04-10 00:00:00+00:00,-0.3048892264306312,0.11449188709462052,0.22453324673804897
2023-04-11 00:00:00+00:00,-0.30405235641899575,0.1155387427837283,0.22302738842053219
2023-04-12 00:00:00+00:00,-0.316857307846626,0.11719560782731425,0.22802491738705322
2023-04-13 00:00:00+00:00,-0.319567858311431,0.11756045712093913,0.24945023341476832
2023-04-14 00:00:00+00:00,-0.32117330905243446,0.11739179122841265,0.24998690694611878
2023-04-17 00:00:00+00:00,-0.34261300336959627,0.10955381468835,0.28006448900482706
2023-04-18 00:00:00+00:00,-0.35484567152492297,0.10195739947753821,0.28199617332304633
2023-04-19 00:00:00+00:00,-0.3486899315844619,0.09590730414545409,0.28209347775672183
2023-04-20 00:00:00+00:00,-0.35174703732011864,0.09401846273073755,0.281793049196672
2023-04-21 00:00:00+00:00,-0.35181616063320964,0.09496437813846677,0.2872150942846204
2023-04-24 00:00:00+00:00,-0.3490037938809989,0.09445370635158173,0.28493964089248885
2023-04-25 00:00:00+00:00,-0.33852030619380313,0.08263277261320526,0.26447487548885384
2023-04-26 00:00:00+00:00,-0.34918157210864065,0.07003166481617579,0.21376107830185134
2023-04-27 00:00:00+00:00,-0.28000987368613284,-0.00925382673156307,0.18385049418005614
2023-04-28 00:00:00+00:00,-0.2887514694374361,-0.008943645342938,0.187200398094628
2023-05-01 00:00:00+00:00,-0.30597633630120824,-0.02914390441334471,0.18064908612501943
2023-05-02 00:00:00+00:00,-0.30261449955334496,-0.029518637635451674,0.17737431930333883
2023-05-03 00:00:00+00:00,-0.2817982924602538,-0.06904106127531874,0.15773751418024878
2023-05-04 00:00:00+00:00,-0.27973766701219865,-0.06804903028720544,0.15941660352564269
2023-05-05 00:00:00+00:00,-0.27946852852819876,-0.0675990907752314,0.15962789749387057
2023-05-08 00:00:00+00:00,-0.28697552351217753,-0.06658761742637112,0.13370089870630983
2023-05-09 00:00:00+00:00,-0.2625949464730445,-0.04280847537584438,0.11925075494706844
2023-05-10 00:00:00+00:00,-0.2626886134778101,-0.041117808887095854,0.12138543031477148
2023-05-11 00:00:00+00:00,-0.269731523131739,-0.04701919688023726,0.12030675513053198
2023-05-12 00:00:00+00:00,-0.2778193966532263,-0.046355269764926,0.133348234323391
2023-05-15 00:00:00+00:00,-0.27432891946569826,-0.04343197238222934,0.13617061781440742
2023-05-16 00:00:00+00:00,-0.26461396532261955,-0.04269748574325877,0.1270164571821429
2023-05-17 00:00:00+00:00,-0.27612242131905257,-0.039209036517089804,0.14879171762419682
2023-05-18 00:00:00+00:00,-0.30130824563666725,-0.03698268823731394,0.15031837798374656
2023-05-19 00:00:00+00:00,-0.30154317677957565,-0.038295288230911634,0.15015856124775342
2023-05-22 00:00:00+00:00,-0.28971095639290023,-0.082753340589678,0.13488985402613546
2023-05-23 00:00:00+00:00,-0.2908111596834391,-0.08515689067147857,0.1412454537075932
2023-05-24 00:00:00+00:00,-0.29089291405545614,-0.08665532337318653,0.15508411872265415
2023-05-25 00:00:00+00:00,-0.31485876396477297,-0.08479273589188605,0.1968578660795765
2023-05-26 00:00:00+00:00,-0.3186173130494271,-0.08436807493778632,0.19714976736877118
2023-05-29 00:00:00+00:00,-0.30087351305529897,-0.1444454733266011,0.21476236286965084
2023-05-30 00:00:00+00:00,-0.3041439739824182,-0.14381095210184758,0.21590939881456572
2023-05-31 00:00:00+00:00,-0.34480708653121256,-0.19388670889239656,0.19684964581027364
2023-06-01 00:00:00+00:00,-0.348025464315094,-0.19774530284450612,0.11928686338733951
2023-06-02 00:00:00+00:00,-0.3484797134742498,-0.20360134493144574,0.1251045669944101
2023-06-05 00:00:00+00:00,-0.4764206140394001,-0.12397523404927015,0.2890501213330819
2023-06-06 00:00:00+00:00,-0.5039225891521627,-0.08672792826047457,0.3182310012067648
2023-06-07 00:00:00+00:00,-0.5153443768051467,-0.09317679332379172,0.3428538620109839
2023-06-08 00:00:00+00:00,-0.3133106672006605,0.2224351604277549,0.003821855730515597
2023-06-09 00:00:00+00:00,-0.37533019673500306,0.22762512694091436,0.0072760708635523285
2023-06-12 00:00:00+00:00,-0.18371472962867325,0.05729844205986343,-0.05584052862305459
2023-06-13 00:00:00+00:00,-0.21193374196638481,0.20685321189847933,0.16979231967144726
2023-06-14 00:00:00+00:00,-0.09066639145307835,0.11020623901797329,-0.11470330769765091
2023-06-15 00:00:00+00:00,-0.002472162443298132,-0.0024721624432924145,0.002472162441670854
2023-10-30 00:00:00+00:00,0.20193585937030328,-0.20193585937030284,-0.20193585937030242
2023-10-31 00:00:00+00:00,0.20055323033484124,-0.20337119147888735,-0.19255716302578005
2023-11-01 00:00:00+00:00,0.1989601095346716,-0.20160794968883755,-0.179005756633124
2023-11-02 00:00:00+00:00,0.20403071974307835,-0.203499271917928,-0.18474751318414598
2023-11-03 00:00:00+00:00,0.2037804081242978,-0.20344150229812077,-0.15679880206466207
2023-11-06 00:00:00+00:00,0.1399112538407562,-0.18819446967831832,-0.05083756260371224
2023-11-07 00:00:00+00:00,0.15073514107448496,-0.1893066797015493,-0.0804726067302017
2023-11-08 00:00:00+00:00,0.13997763819717243,-0.18961180120217114,-0.056858108759470116
2023-11-09 00:00:00+00:00,0.14762254481011525,-0.187485220833794,-0.07463730872565004
2023-11-10 00:00:00+00:00,0.14767891038247896,-0.18768184506808397,-0.07499330621050758
2023-11-13 00:00:00+00:00,0.14851213431100854,-0.18565599644182448,-0.08176179430305351
2023-11-14 00:00:00+00:00,0.14545830783004773,-0.18447254190281598,-0.08183872047957452
2023-11-15 00:00:00+00:00,0.1913146654961872,-0.19343471421714345,-0.14566662413404816
2023-11-16 00:00:00+00:00,0.19090158312180153,-0.1942630759228311,-0.1444071600602303
2023-11-17 00:00:00+00:00,0.1910251537289878,-0.1939029698032068,-0.1416183581270864
2023-11-20 00:00:00+00:00,0.20596264663691044,-0.19919483330292032,-0.1592532091909887
2023-11-21 00:00:00+00:00,0.19302874340368906,-0.19041260827497578,-0.16034066287107335
2023-11-22 00:00:00+00:00,0.1930723142764562,-0.1913095754697399,-0.16127693966969175
2023-11-23 00:00:00+00:00,0.1900056231715253,-0.18766456517990088,-0.16303486183002577
2023-11-24 00:00:00+00:00,0.18938977386360245,-0.18775695893579664,-0.16311406242312537
2023-11-27 00:00:00+00:00,0.19951765387091347,-0.18889120480927205,-0.22221988402434562
2023-11-28 00:00:00+00:00,0.20078705346791303,-0.1914738385528033,-0.2226412133201554
2023-11-29 00:00:00+00:00,0.18963220224739566,-0.18386768867404216,-0.20679378620411687
2023-11-30 00:00:00+00:00,0.15894591360677118,-0.18229510122085876,-0.1713565010224485
2023-12-01 00:00:00+00:00,0.15948225980197103,-0.18312852190778256,-0.16769841409892433
2023-12-04 00:00:00+00:00,0.07678912675597992,-0.13708598719610424,-0.06319758142413696
2023-12-05 00:00:00+00:00,0.07146988339898978,-0.13704464063074293,-0.055864874250178685
2023-12-06 00:00:00+00:00,0.06983259232400234,-0.1371125372938388,-0.053693084153157475
2023-12-07 00:00:00+00:00,0.06918204064551492,-0.13159360121361088,-0.055376092157855716
2023-12-08 00:00:00+00:00,0.06776795749319779,-0.12883447587720281,-0.055591721843774936
2023-12-11 00:00:00+00:00,0.07218216120426912,-0.129988091360576,-0.04515379880520746
2023-12-12 00:00:00+00:00,0.059039967358650025,-0.11186575428370937,-0.04344067046344442
2023-12-13 00:00:00+00:00,0.05965921404842039,-0.11533403757321582,-0.04149094663785406
2023-12-14 00:00:00+00:00,0.02997583321904711,-0.09817105073068183,-0.010411620893557691
2023-12-15 00:00:00+00:00,0.028939703983839368,-0.09786641868480825,-0.00632076261451943
2023-12-18 00:00:00+00:00,0.02779850668642256,-0.10178382763283757,-0.011148541209048202
2023-12-19 00:00:00+00:00,0.027317368126577063,-0.10626490127078508,-0.013000071069334007
2023-12-20 00:00:00+00:00,0.036404274300062454,-0.10417365686267112,-0.024680687453385818
2023-12-21 00:00:00+00:00,0.03489539514769621,-0.10745443241614795,-0.019728440414609628
2023-12-22 00:00:00+00:00,0.031621527544008904,-0.1054967381057659,-0.013701093495053598
2023-12-25 00:00:00+00:00,0.03267439901711939,-0.10989184343724674,-0.013348841268131578
2023-12-26 00:00:00+00:00,0.03210278373723967,-0.11087801230879525,-0.012288992694835445
2023-12-27 00:00:00+00:00,0.028128582420774314,-0.1107373784331208,0.0045262186376894605
2023-12-28 00:00:00+00:00,0.025863413819167954,-0.10743723171835903,0.0009155463941797657
2023-12-29 00:00:00+00:00,0.02749590469008974,-0.10747920890919213,-0.001458179429436428
2024-01-01 00:00:00+00:00,0.030009401045702974,-0.10568354205331959,-0.008924571327843387
2024-01-02 00:00:00+00:00,0.03403219588473359,-0.104022310003916,-0.015326345665390354
2024-01-03 00:00:00+00:00,0.03428827576731833,-0.10496726872515505,-0.015216810495518821
2024-01-04 00:00:00+00:00,0.04021127366574517,-0.11251225008190359,-0.026603466765349762
2024-01-05 00:00:00+00:00,0.04109953249001575,-0.11350132018222672,-0.026916219803325262
2024-01-08 00:00:00+00:00,0.038133495767674386,-0.11206534479459439,-0.02941804851975812
2024-01-09 00:00:00+00:00,0.03877765009864144,-0.10957280018039053,-0.032334177720798225
2024-01-10 00:00:00+00:00,0.03759059598472394,-0.10948169126177626,-0.03240736585081776
2024-01-11 00:00:00+00:00,0.0433132089642982,-0.10059064193343907,-0.03509528634025389
2024-01-12 00:00:00+00:00,0.04342252747412019,-0.10020463865021595,-0.035131404718763054
2024-01-15 00:00:00+00:00,0.04644923516795666,-0.09894898395390507,-0.05007757618326143
2024-01-16 00:00:00+00:00,0.06037483584131241,-0.09968263199226184,-0.06581731161049653
2024-01-17 00:00:00+00:00,0.04321098450319385,-0.09191430213141275,-0.04447840812616582
2024-01-18 00:00:00+00:00,0.03951083012189899,-0.08951309342425726,-0.044458962097602056
2024-01-19 00:00:00+00:00,0.039174919471219434,-0.08951526585631141,-0.04426580288233442
2024-01-22 00:00:00+00:00,-0.13570993224954336,0.23916762593609217,0.034840121344600995
2024-01-23 00:00:00+00:00,-0.1220266631138233,0.23610675289405933,0.013341027062626812
2024-01-24 00:00:00+00:00,-0.11817554748384164,0.24042389541390602,0.0074195958122218455
2024-01-25 00:00:00+00:00,-0.13454070741295304,0.24719551712104804,0.007205502950434853
2024-01-26 00:00:00+00:00,-0.13456453905612314,0.24700758116013885,0.006906224864882679
2024-01-29 00:00:00+00:00,-0.08725706485774419,0.23273717099468538,-0.0506462136845303
2024-01-30 00:00:00+00:00,-0.10428330911605034,0.24834064129228461,-0.031054812770706618
2024-01-31 00:00:00+00:00,-0.10280462912412844,0.24344320292648208,-0.04635422146982985
2024-02-01 00:00:00+00:00,-0.1037985069131517,0.2645277084102209,-0.04629146014932077
2024-02-02 00:00:00+00:00,-0.10819161704153,0.2667737782695195,-0.04284427870087412
2024-02-05 00:00:00+00:00,-0.09572207760178247,0.24284208656914483,-0.053355347731692385
2024-02-06 00:00:00+00:00,-0.09175437350166878,0.24381661106975658,-0.055205746413149515
2024-02-07 00:00:00+00:00,-0.1828552846347608,0.27693455229971164,-0.002894207778228846
2024-02-08 00:00:00+00:00,-0.1790231203346637,0.27469262606400136,0.002530254991455702
2024-02-09 00:00:00+00:00,-0.18078024033628617,0.27009153141168823,0.004080737952171077
2024-02-12 00:00:00+00:00,-0.22784132550507913,0.28219990172755266,0.014847311462445428
2024-02-13 00:00:00+00:00,-0.218918869520979,0.2736989195827268,0.016956972773837516
2024-02-14 00:00:00+00:00,-0.23593468739969034,0.28614558329578993,0.05026379345848005
2024-02-15 00:00:00+00:00,-0.2167381543629204,0.27501759904187373,0.04642246220214449
2024-02-16 00:00:00+00:00,-0.21618978719560375,0.2743367646775938,0.045887121335184224
2024-02-19 00:00:00+00:00,-0.24850726963693492,0.2926589672330852,0.11189865435560999
2024-02-20 00:00:00+00:00,-0.2540763924244294,0.30140649085498855,0.11482425710700433
2024-02-21 00:00:00+00:00,-0.2469142891502617,0.2948974501652191,0.10630384499747891
2024-02-22 00:00:00+00:00,-0.2151036902027141,0.31625360630836347,0.07751806389970109
2024-02-23 00:00:00+00:00,-0.21489936722272834,0.318369781769087,0.07806081243929963
2024-02-26 00:00:00+00:00,-0.10114860880042376,0.24279944200813988,-0.01804394163807807
2024-02-27 00:00:00+00:00,-0.09264070559938511,0.23734979628922234,-0.02814419374489041
2024-02-28 00:00:00+00:00,-0.08636726741409607,0.23546673645474261,-0.02359612074805404
2024-02-29 00:00:00+00:00,-0.15423140868081409,0.23020739868653892,0.028747344980197775
2024-03-01 00:00:00+00:00,-0.15465943120105594,0.2510073839235792,0.02916396741580217
2024-03-04 00:00:00+00:00,-0.11213577800907165,0.26190161499608805,-0.009725600542905997
2024-03-05 00:00:00+00:00,-0.10905864304052627,0.21512243995837596,0.003202400706893647
2024-03-06 00:00:00+00:00,-0.11002629626028117,0.21884903439538372,0.006806442014182443
2024-03-07 00:00:00+00:00,0.008090333101397073,0.12359772309696614,-0.073632699531287
2024-03-08 00:00:00+00:00,0.006003579288072392,0.1238979150956086,-0.07930360751683303
2024-03-11 00:00:00+00:00,0.004120559698607401,0.1670929457070343,-0.0842058763197796
2024-03-12 00:00:00+00:00,0.0027684350110510516,0.170933019349419,-0.0826053637186372
2024-03-13 00:00:00+00:00,-0.024631078065735498,0.12774883586131852,-0.06473746608207122
2024-03-14 00:00:00+00:00,-0.027060186929465813,0.13317154551304822,-0.06135279084143478
2024-03-15 00:00:00+00:00,-0.019801506851733583,0.13136747604199955,-0.06971994304539401
2024-03-18 00:00:00+00:00,-0.028414900958663614,0.127575868896661,-0.05744127280672115
2024-03-19 00:00:00+00:00,-0.024214509505859926,0.1306215643269863,-0.06586387660331838
2024-03-20 00:00:00+00:00,-0.004538762432129502,0.10785985244790507,-0.10042653776478559
2024-03-21 00:00:00+00:00,-0.050269584398993684,0.11262132258565105,-0.04057478021570485
2024-03-22 00:00:00+00:00,-0.050591875291360194,0.10936728280800966,-0.04153124264908787
2024-03-25 00:00:00+00:00,-0.07217270214236099,0.09332751241108306,-0.015307053593515075
2024-03-26 00:00:00+00:00,-0.062248774991613465,0.0920836010501526,-0.029265520537931
2024-03-27 00:00:00+00:00,-0.05601266477199022,0.08931613372149438,-0.03523892225979122
2024-03-28 00:00:00+00:00,-0.05550544882959749,0.0929770528454793,-0.03482070759168497
2024-03-29 00:00:00+00:00,-0.05853161454283712,0.10706334228369212,-0.029570465379492684
2024-04-01 00:00:00+00:00,-0.04232034285208863,0.0889125781332041,-0.03046566981890458
2024-04-02 00:00:00+00:00,-0.03824937861058737,0.07625715852323708,-0.035142859453891624
2024-04-03 00:00:00+00:00,-0.03918763167970754,0.07822759422009769,-0.0347107607270401
2024-04-04 00:00:00+00:00,-0.047725860984651286,0.039550455673503127,-0.0304433164571387
2024-04-05 00:00:00+00:00,-0.04857826888548957,0.03470980992188476,-0.03028126487359073
2024-04-08 00:00:00+00:00,-0.05365928151806718,0.03239235442693046,-0.013632521295352475
2024-04-09 00:00:00+00:00,-0.09305767534812741,0.0641519409210757,0.005260991651906231
2024-04-10 00:00:00+00:00,-0.06637255897079422,0.031582132146761366,-0.012035600337874111
2024-04-11 00:00:00+00:00,-0.06426838948495675,0.03238475800857501,-0.011587228201499607
2024-04-12 00:00:00+00:00,-0.05921236094788329,0.03247322709748781,-0.013714343134945371
2024-04-15 00:00:00+00:00,-0.0537648243813908,0.028224017970150794,-0.02266710438813568
2024-04-16 00:00:00+00:00,-0.07238736234306248,0.02919123802410743,0.001648823685004171
2024-04-17 00:00:00+00:00,-0.07276954419327848,0.028040087959612787,0.002068393440858512
2024-04-18 00:00:00+00:00,-0.07523027755955271,0.017616046767817726,0.016576903391047747
2024-04-19 00:00:00+00:00,-0.07335790860301034,0.018977865048228165,0.009426422168429606
2024-04-22 00:00:00+00:00,-0.06502490052406154,0.015536837874253093,0.01816466425424751
2024-04-23 00:00:00+00:00,-0.06362392766943203,0.014163450168010804,0.01645779071932675
2024-04-24 00:00:00+00:00,-0.05674939900480916,0.01608644597972002,0.019175624118141627
2024-04-25 00:00:00+00:00,-0.07919299679160482,0.002186230651316282,0.03467790912958215
2024-04-26 00:00:00+00:00,-0.07722585041018981,-0.0020324430851776393,0.029125437504737433
2024-04-29 00:00:00+00:00,-0.0971280412026297,0.03228939958879556,0.04843912546296637
2024-04-30 00:00:00+00:00,-0.10140627883921602,0.030554538222631763,0.05856928533727212
2024-05-01 00:00:00+00:00,-0.09492275430602501,0.024891916569422856,0.05242445014257724
2024-05-02 00:00:00+00:00,-0.0991876159894235,0.030893962302385006,0.04344267916082736
2024-05-03 00:00:00+00:00,-0.10384023469993908,0.04197840972244282,0.04299257164892237
2024-05-06 00:00:00+00:00,-0.07083058846277863,0.033964381984069085,0.040664807738457896
2024-05-07 00:00:00+00:00,-0.07004227911225314,0.03687028322671443,0.040365692297521516
2024-05-08 00:00:00+00:00,-0.05485767931497462,0.019497694532859804,0.02124718406275501
2024-05-09 00:00:00+00:00,-0.06353798172863925,0.020653423891261995,0.024115654872848315
2024-05-10 00:00:00+00:00,-0.05827722025653807,0.014431346770271743,0.013183852106985186
2024-05-13 00:00:00+00:00,-0.06160920972621437,0.01336468705252683,0.011387514111507215
2024-05-14 00:00:00+00:00,-0.06208344910787684,0.013673461033795636,0.013124879492808173
2024-05-15 00:00:00+00:00,-0.05575742290982349,0.00917685118969339,0.01855332890703096
2024-05-16 00:00:00+00:00,-0.05437051977767867,0.00375753564206947,0.0221227381361713
2024-05-17 00:00:00+00:00,-0.05299008621085929,0.005254621642308169,0.01939843829756472
2024-05-20 00:00:00+00:00,-0.05005602264119392,0.005259760152975964,0.027973110777196955
2024-05-21 00:00:00+00:00,-0.05162289126847119,0.0064825446310812235,0.027373968476180437
2024-05-22 00:00:00+00:00,-0.05100588993010029,0.008363983653353729,0.022771803584849724
2024-05-23 00:00:00+00:00,0.014425175954402106,-0.0007692971334971283,-0.022871055383309316
2024-05-24 00:00:00+00:00,0.015042667177139429,-0.005022287470421122,-0.023322174443611062
2024-05-27 00:00:00+00:00,-0.03623488861242971,-0.005026492422567432,0.002096889161332071
2024-05-28 00:00:00+00:00,-0.022298124617910624,-0.014750376145469387,-0.007950320010627348
2024-05-29 00:00:00+00:00,-0.0209034409937165,-0.007717980633996975,-0.012799478124678658
2024-05-30 00:00:00+00:00,-0.06998818457610313,0.01834795882207497,0.02505132030553954
2024-05-31 00:00:00+00:00,-0.07062155759148059,0.013185938121081982,0.02150109188879542
2024-06-03 00:00:00+00:00,-0.06603868981738689,-0.05126477387749172,0.04687586185057489
2024-06-04 00:00:00+00:00,-0.0590793484471177,-0.051573521380490345,0.04936987669815316
2024-06-05 00:00:00+00:00,-0.06303672273223183,-0.02453386035824519,0.05678783803489343
2024-06-06 00:00:00+00:00,-0.0550603970400017,-0.011978694286375342,0.04673273073264616
2024-06-07 00:00:00+00:00,-0.06584014399138521,-0.008488480854389826,0.05699639693543955
2024-06-10 00:00:00+00:00,-0.06692301347180621,-0.00952428647639936,0.0571127152425113
2024-06-11 00:00:00+00:00,-0.06767524945867905,-0.020229885542575238,0.0679924476244717
2024-06-12 00:00:00+00:00,-0.08284753752687322,0.032221212698658006,0.07924185463298992
2024-06-13 00:00:00+00:00,-0.014065174799164585,0.003736461959262317,0.01810011996144636
2024-06-14 00:00:00+00:00,-0.020377256957286826,0.03641278587642968,0.028798186001211652
2024-06-17 00:00:00+00:00,0.0686209209303081,0.10774173951244452,-0.03579374520908655
2024-06-18 00:00:00+00:00,0.016420254505097414,0.09538927377464508,-0.002799890375438065
2024-06-19 00:00:00+00:00,0.014671057530019403,0.003621263079077912,0.010441595469474076
2024-06-20 00:00:00+00:00,0.008303778463942521,-0.008303778463810255,0.008303778463869527
2024-10-28 00:00:00+00:00,0.13133881062322764,0.13133881062321387,0.13133881062322342
2024-10-29 00:00:00+00:00,0.11754623576036828,0.13376299112310927,0.12901474098801932
2024-10-30 00:00:00+00:00,0.1867135733309511,0.12475918312549338,0.11826074782424383
2024-10-31 00:00:00+00:00,0.17710712847389537,0.12936860332573927,0.1202291859289946
2024-11-01 00:00:00+00:00,0.17551491466525032,0.12201151589324968,0.11749053684869286
2024-11-04 00:00:00+00:00,0.18219025169395822,0.12676692674484752,0.12284110955566105
2024-11-05 00:00:00+00:00,0.20517264184162828,0.11623348963755605,0.1382684340834474
2024-11-06 00:00:00+00:00,0.29751784948516957,0.0068164329588756714,0.0838183346280294
2024-11-07 00:00:00+00:00,0.34212361671091795,-0.11407025859812304,0.045794348585863405
2024-11-08 00:00:00+00:00,0.25329782521966226,-0.1031317637344634,0.04835794651940035
2024-11-11 00:00:00+00:00,0.4159837994504853,-0.05503978778084458,0.004023877986401543
2024-11-12 00:00:00+00:00,0.4172942062849462,-0.07413627163959689,0.0011769045224165036
2024-11-13 00:00:00+00:00,0.42111724789702204,-0.08796716585042696,-0.003652372016022508
2024-11-14 00:00:00+00:00,0.42143827939328143,-0.08793317533085858,-0.0023792660275483374
2024-11-15 00:00:00+00:00,0.415630359682282,-0.0869468035570382,-0.003232467826263585
2024-11-18 00:00:00+00:00,0.40493468369223856,-0.2133265863818206,0.010944718278709973
2024-11-19 00:00:00+00:00,0.41447591374356596,-0.21723533924534918,-0.005458654428641856
2024-11-20 00:00:00+00:00,0.4221975432081383,-0.2153942030159398,-0.018575009626331865
2024-11-21 00:00:00+00:00,0.38441232613679494,-0.18843929219259037,-0.017276147302253686
2024-11-22 00:00:00+00:00,0.3846717770352647,-0.17899482939911798,-0.01779647959768672
2024-11-25 00:00:00+00:00,0.3008800673713904,-0.15672964501123476,0.0313445758657146
2024-11-26 00:00:00+00:00,0.28325528870184086,-0.15651074555519157,0.030340639181568825
2024-11-27 00:00:00+00:00,0.283548060989788,-0.1488868465113205,0.032585758563934794
2024-11-28 00:00:00+00:00,0.28821541919094695,-0.15701575347524505,0.027062280542247328
2024-11-29 00:00:00+00:00,0.28736558004416984,-0.156541159063195,0.027543361764564123
2024-12-02 00:00:00+00:00,0.2888338735010703,-0.1427903596432913,0.029303963702197476
2024-12-03 00:00:00+00:00,0.28505290491017093,-0.14357383057856357,0.029491658048010592
2024-12-04 00:00:00+00:00,0.28560322985340414,-0.15067889455423367,0.0315224122238778
2024-12-05 00:00:00+00:00,0.279418903168672,-0.1491491115604967,0.03346690730424929
2024-12-06 00:00:00+00:00,0.2782407240314285,-0.1485104649228746,0.033746746569359116
2024-12-09 00:00:00+00:00,0.20940509949317052,-0.15081430905664986,0.09591154567772162
2024-12-10 00:00:00+00:00,0.22212962912813683,-0.12125196481491822,0.09698203005826678
2024-12-11 00:00:00+00:00,0.25457685952016873,-0.13207036410859982,0.10194708433534458
2024-12-12 00:00:00+00:00,0.24741794556683003,-0.1427261622932363,0.11634248218778784
2024-12-13 00:00:00+00:00,0.24743409656977972,-0.1426564309653353,0.1152020939452413
2024-12-16 00:00:00+00:00,0.2492586275489962,-0.14369965221812162,0.12059877126638481
2024-12-17 00:00:00+00:00,0.22777031968292952,-0.16486137369932907,0.11806573633406185
2024-12-18 00:00:00+00:00,0.21969850937195307,-0.1681185594849485,0.1248394880790604
2024-12-19 00:00:00+00:00,0.13265850957272948,-0.14106713364608683,0.15313175442393598
2024-12-20 00:00:00+00:00,0.13195713352499347,-0.1261935475901036,0.15150251882694035
2024-12-23 00:00:00+00:00,0.1288853486807577,-0.11906987323339308,0.15425788650689734
2024-12-24 00:00:00+00:00,0.12915873508212555,-0.11879128129627212,0.15382464805251808
2024-12-25 00:00:00+00:00,0.1285563028184912,-0.1203202218538379,0.1491134879526284
2024-12-26 00:00:00+00:00,0.12670078569658919,-0.11976584246843723,0.1507825820120808
2024-12-27 00:00:00+00:00,0.126364770037742,-0.11930898695540537,0.15053067217573524
2024-12-30 00:00:00+00:00,0.13010005989999643,-0.12267676650363087,0.1475119472358859
2024-12-31 00:00:00+00:00,0.13145435575795184,-0.12248346459663842,0.14508629497524042
2025-01-01 00:00:00+00:00,0.13149454603425137,-0.12243162256183686,0.14279083368233497
2025-01-02 00:00:00+00:00,0.1356170359283741,-0.12794822552824722,0.14494929287873468
2025-01-03 00:00:00+00:00,0.13553501975111207,-0.1277123288392317,0.14498750222128245
2025-01-06 00:00:00+00:00,0.13795521025449026,-0.1272169745235914,0.1471629135072787
2025-01-07 00:00:00+00:00,0.14139837313230522,-0.1251315335227133,0.13299380958507404
2025-01-08 00:00:00+00:00,0.14053508580516433,-0.1218837846246437,0.13634808608795967
2025-01-09 00:00:00+00:00,0.13327932294280406,-0.12223173639048995,0.1401177671651374
2025-01-10 00:00:00+00:00,0.13294137781025425,-0.12219824964202068,0.14022016335611792
2025-01-13 00:00:00+00:00,0.1357494037383799,-0.11901904740647856,0.1446053154215042
2025-01-14 00:00:00+00:00,0.15045896589258193,-0.12906224456714938,0.13029723580710323
2025-01-15 00:00:00+00:00,0.15028434481482875,-0.12063097151908403,0.12878823523597654
2025-01-16 00:00:00+00:00,0.13918676651213596,-0.10316436262426419,0.13329660634139437
2025-01-17 00:00:00+00:00,0.13865987566965768,-0.10255737687662542,0.13298270289725278
2025-01-20 00:00:00+00:00,0.10057154093564438,-0.1049671322268525,0.09853113653594188
2025-01-21 00:00:00+00:00,0.11403383320595402,-0.11284203767115268,0.07249726956937053
2025-01-22 00:00:00+00:00,0.10756695203711888,-0.11354653425028724,0.0798932799410152
2025-01-23 00:00:00+00:00,0.112963464885435,-0.1079522461939301,0.08477965939032502
2025-01-24 00:00:00+00:00,0.11285550268937246,-0.1100089082949475,0.08505491637646591
2025-01-27 00:00:00+00:00,0.10935904290661255,-0.10854879820680395,0.08686798845857432
2025-01-28 00:00:00+00:00,0.11574019186750927,-0.11713919437675123,0.06957654760007961
2025-01-29 00:00:00+00:00,0.07151632244380526,-0.07831802946156033,0.10785249986455543
2025-01-30 00:00:00+00:00,0.047048134001326763,-0.035287031223584786,0.14167179737386915
2025-01-31 00:00:00+00:00,0.055714997860214936,-0.03546044347117759,0.1382445964314173
2025-02-03 00:00:00+00:00,-0.1346912245048338,-0.020988413578425943,0.2560794336339564
2025-02-04 00:00:00+00:00,-0.09956063717816056,-0.00969555415577941,0.1652824333191257
2025-02-05 00:00:00+00:00,-0.12221285187024256,0.017069994561524224,0.178376959225765
2025-02-06 00:00:00+00:00,-0.12589999734641374,0.020868420706003754,0.18138557324551677
2025-02-07 00:00:00+00:00,-0.13003317229160022,0.03038309980352116,0.18629192229913236
2025-02-10 00:00:00+00:00,-0.16438060080070171,0.14917133883917694,0.18940695026685464
2025-02-11 00:00:00+00:00,-0.17991923356721973,0.14961348266304877,0.2014377810990928
2025-02-12 00:00:00+00:00,-0.18058579208466294,0.16173432507183494,0.20271486421974644
2025-02-13 00:00:00+00:00,-0.1487033374523255,0.07865545193513128,0.19432125523613616
2025-02-14 00:00:00+00:00,-0.14943080633607764,0.0787234567935802,0.19376498854438223
2025-02-17 00:00:00+00:00,-0.05704415570141569,0.0438898711644795,0.1585142003820736
2025-02-18 00:00:00+00:00,-0.06222406748503529,0.04750733436354352,0.16903133552707858
2025-02-19 00:00:00+00:00,-0.06130851453256981,0.044558468052518264,0.16790582799701273
2025-02-20 00:00:00+00:00,-0.06433509961624781,0.06343507336216855,0.16604360130486187
2025-02-21 00:00:00+00:00,-0.06816201102403559,0.06817538911480768,0.1672805106742648
2025-02-24 00:00:00+00:00,-0.050967630990717536,0.056117193047569514,0.15722150702483406
2025-02-25 00:00:00+00:00,-0.047545655911017885,0.055348803764849235,0.1536027715413179
2025-02-26 00:00:00+00:00,-0.05544585271447392,0.08502509626127344,0.14625030509116632
2025-02-27 00:00:00+00:00,-0.03893334902663451,0.09156693408673183,0.13766447528022552
2025-02-28 00:00:00+00:00,-0.02995716917686304,0.08512490160158886,0.12975703847552725
2025-03-03 00:00:00+00:00,0.01747552125487719,0.12999271999415452,0.050923860719986086
2025-03-04 00:00:00+00:00,-0.0009387084926492217,0.1078195163343286,0.04571231227133384
2025-03-05 00:00:00+00:00,-0.0693576994444092,0.12132822591869447,0.05732498292357303
2025-03-06 00:00:00+00:00,-0.06845614613617926,0.14340883586385633,0.0493994774559946
2025-03-07 00:00:00+00:00,-0.06876751732539613,0.14737614711007688,0.05532459162427121
2025-03-10 00:00:00+00:00,-0.06970667643366879,0.15418223083796237,0.05556655179263656
2025-03-11 00:00:00+00:00,-0.06591465401784861,0.21587217305859224,0.07388604600894486
2025-03-12 00:00:00+00:00,-0.042681904539216046,0.2526693840194112,0.06866913097882989
2025-03-13 00:00:00+00:00,0.03165517527238102,0.2274446611622053,0.03443510481250276
2025-03-14 00:00:00+00:00,0.04224505286915209,0.27484013074195107,0.02549578634969661
2025-03-17 00:00:00+00:00,0.08444322594460091,0.2878709071325477,-0.008162214344010179
2025-03-18 00:00:00+00:00,0.0874211447264322,0.29693542061026235,-0.011137328796657402
2025-03-19 00:00:00+00:00,0.09460056697040722,0.29432160849024425,-0.010287162677598344
2025-03-20 00:00:00+00:00,0.09518869712673127,0.31529805755051243,-0.01792480398182039
2025-03-21 00:00:00+00:00,0.09907662136872594,0.32063874992111524,-0.013898189467077993
2025-03-24 00:00:00+00:00,0.10291428258223324,0.30230952582902465,-0.0154862745955807
2025-03-25 00:00:00+00:00,0.10253266874608145,0.2850533417129105,-0.018268601453682635
2025-03-26 00:00:00+00:00,0.11774496872262606,0.26088775433587114,-0.03214841086272057
2025-03-27 00:00:00+00:00,0.0902477144723525,0.2973668651468126,-0.019165649154919865
2025-03-28 00:00:00+00:00,0.08876936575502392,0.2914195446370071,-0.01783332331708882
2025-03-31 00:00:00+00:00,0.08677574149408906,0.2910265026106025,-0.018237988000922765
2025-04-01 00:00:00+00:00,0.08394143863687409,0.28997786211668913,-0.01123863648073468
2025-04-02 00:00:00+00:00,0.08382820252375811,0.28382140048480103,-0.011777905797961445
2025-04-03 00:00:00+00:00,0.08582907451521,0.24855391088818427,-0.013344582267041877
2025-04-04 00:00:00+00:00,0.08341906913145748,0.24780283734407438,-0.011858491070310976
2025-04-07 00:00:00+00:00,0.06936198344551665,0.2308471311606647,-0.009553398480770652
2025-04-08 00:00:00+00:00,0.050083340734102096,0.220507112549401,-0.0012571035107126409
2025-04-09 00:00:00+00:00,0.04483431246556033,0.2073930948719323,0.000393887157790546
2025-04-10 00:00:00+00:00,0.05859823411872013,0.19003828563317485,-0.0037088918344457054
2025-04-11 00:00:00+00:00,0.05505542332230595,0.18607352036838937,0.0013598005233094264
2025-04-14 00:00:00+00:00,0.06684822359322892,0.1627744827400786,-0.023367331945328484
2025-04-15 00:00:00+00:00,0.05905607587801271,0.15992064247651275,-0.017277123505708775
2025-04-16 00:00:00+00:00,0.055599988113169276,0.16343542978264455,-0.013649130045963355
2025-04-17 00:00:00+00:00,0.054123384912479644,0.16020329241238374,-0.017090909620800662
2025-04-18 00:00:00+00:00,0.05543648578549797,0.15852961460748782,-0.01823154486813116
2025-04-21 00:00:00+00:00,0.057552611025113366,0.15567034324340903,-0.01662872542464098
2025-04-22 00:00:00+00:00,0.04923199915135476,0.13750306414235383,-0.014873124674737838
2025-04-23 00:00:00+00:00,0.05262161599352209,0.1268427327230149,-0.014320016512213636
2025-04-24 00:00:00+00:00,0.051638968657465575,0.12339738077087609,-0.014551043671807746
2025-04-25 00:00:00+00:00,0.04856982940665197,0.11939552035175588,-0.00867364516973771
2025-04-28 00:00:00+00:00,0.09989920084582414,0.0893816993040144,-0.08678123849156608
2025-04-29 00:00:00+00:00,0.08278640355826035,0.08744857506664687,-0.05662271413726143
2025-04-30 00:00:00+00:00,0.09426586800237627,0.07259173300480325,-0.07679902661737938
2025-05-01 00:00:00+00:00,0.0961647005206249,0.0744225744400221,-0.0771498154091547
2025-05-02 00:00:00+00:00,0.0957656992910676,0.07078345903982397,-0.07789790891966442
2025-05-05 00:00:00+00:00,0.09256977896145159,0.0499429445075147,-0.07530579652017527
2025-05-06 00:00:00+00:00,0.09180980281743695,0.048273692619052566,-0.07397644583658923
2025-05-07 00:00:00+00:00,0.08439233130007893,0.03665986660528244,-0.06459331288240669
2025-05-08 00:00:00+00:00,0.07298246942347072,0.09422617862062112,-0.05700449506213822
2025-05-09 00:00:00+00:00,0.07797859996366469,0.09133468981211144,-0.07057378421281847
2025-05-12 00:00:00+00:00,0.04778395117393998,0.12190058979723295,-0.06251963263569849
2025-05-13 00:00:00+00:00,0.04586421048358151,0.11690732377380388,-0.05962705335069377
2025-05-14 00:00:00+00:00,0.04603504023927588,0.11628655170054132,-0.06012634115333993
2025-05-15 00:00:00+00:00,0.04408660525624387,0.11300452822712057,-0.05572756825349495
2025-05-16 00:00:00+00:00,0.051414033724703434,0.11913972646070532,-0.06095807916082169
2025-05-19 00:00:00+00:00,0.03929911080882996,0.11458626176703941,-0.05183635758485065
2025-05-20 00:00:00+00:00,0.03745857096550153,0.11692135355151338,-0.04986104449680958
2025-05-21 00:00:00+00:00,0.04927256362890368,0.09133813118383774,-0.03712250413653379
2025-05-22 00:00:00+00:00,0.03191397077041039,0.08389443803688802,-0.025898883399449613
2025-05-23 00:00:00+00:00,0.023765015103253392,0.09677769511733589,-0.01733805874202953
2025-05-26 00:00:00+00:00,0.03861360641155078,0.06476842408862604,-0.01878802869168443
2025-05-27 00:00:00+00:00,0.038479587335001765,0.06556912158580264,-0.016544606677478164
2025-05-28 00:00:00+00:00,0.0572058017970589,0.07271025259426621,-0.037331259887696006
2025-05-29 00:00:00+00:00,0.07670942829651897,0.07069203606547582,-0.04560208217739718
2025-05-30 00:00:00+00:00,0.07591581446277369,0.06872477324419744,-0.05210213255154175
2025-06-02 00:00:00+00:00,0.07644375186298935,0.065817557170091,-0.055108465516880374
2025-06-03 00:00:00+00:00,0.08471187879788016,0.07433074617103219,-0.07209341138274704
2025-06-04 00:00:00+00:00,0.06738116010204007,0.027627278648371428,-0.07883769719922604
2025-06-05 00:00:00+00:00,0.07764125936844748,0.03204833319872777,-0.10486493294957817
2025-06-06 00:00:00+00:00,0.0775169623096794,0.030281607342184078,-0.11357080075216776
2025-06-09 00:00:00+00:00,0.03330722404203165,-0.0023815091178840666,-0.060685594907797916
2025-06-10 00:00:00+00:00,0.026291698626781726,-0.011225224018531973,-0.07059013017398198
2025-06-11 00:00:00+00:00,0.022313911080358212,-0.011415187729770687,-0.06925387284662432
2025-06-12 00:00:00+00:00,0.02768836577738167,-0.05397687845775043,-0.04699254206055947
2025-06-13 00:00:00+00:00,0.022214169977786493,-0.05293293817239688,-0.04584688089668757
2025-06-16 00:00:00+00:00,0.0119866717438428,-0.042203193215970616,-0.04166827381223949
2025-06-17 00:00:00+00:00,0.011074344910734186,-0.041624518761897385,-0.04992776505437841
2025-06-18 00:00:00+00:00,-0.06002950276334494,0.043293355426265556,0.04804482858214014
2025-06-19 00:00:00+00:00,-0.01313143940440835,-0.013131439404378336,-0.013131439404392682
2025-10-27 00:00:00+00:00,-0.44526079762061604,-0.44526079762059956,0.4452607976206139
2025-10-28 00:00:00+00:00,-0.4515308131821066,-0.42274657758312884,0.44469421472185555
2025-10-29 00:00:00+00:00,-0.41897844323743605,-0.46525144707636124,0.395630255546972
2025-10-30 00:00:00+00:00,-0.4130067833490415,-0.46266280402236837,0.39244851139213954
